"index","s","d","p","q","n","rep","mean","vara","seed","phi","theta"
1,0,0,1,0,340,1,176,0.639106003953717,40,"0.01","0"
2,0,0,1,0,110,2,-497,6.06809397124571,41,"0.01","0"
3,0,0,1,0,404,3,-490,1.04359709715711,42,"0.01","0"
4,0,0,1,0,477,4,135,0.835191309141361,43,"0.01","0"
5,0,0,1,0,42,5,302,0.96970888502653,44,"0.01","0"
6,0,0,1,0,1563,1,-7,0.0646521229958962,40,"0.02","0"
7,0,0,1,0,947,2,989,5.19569608498021,41,"0.02","0"
8,0,0,1,0,403,3,-457,0.958998669567544,42,"0.02","0"
9,0,0,1,0,497,4,-310,3.02112165210755,43,"0.02","0"
10,0,0,1,0,915,5,15,0.0289906593273899,44,"0.02","0"
11,0,0,1,0,31,1,367,2.78428126578781,40,"0.03","0"
12,0,0,1,0,61,2,200,1.53646487654375,41,"0.03","0"
13,0,0,1,0,475,3,-609,1.96124354184564,42,"0.03","0"
14,0,0,1,0,739,4,292,2.89603143054897,43,"0.03","0"
15,0,0,1,0,763,5,-288,3.34705524198896,44,"0.03","0"
16,0,0,1,0,677,1,757,9.8310355517007,40,"0.04","0"
17,0,0,1,0,937,2,-198,1.75960094371445,41,"0.04","0"
18,0,0,1,0,163,3,-935,2.72293591735774,42,"0.04","0"
19,0,0,1,0,1205,4,-914,24.6773584502722,43,"0.04","0"
20,0,0,1,0,1533,5,406,2.63025565358954,44,"0.04","0"
21,0,0,1,0,1152,1,988,12.8247497720382,40,"0.05","0"
22,0,0,1,0,359,2,510,1.38827727399911,41,"0.05","0"
23,0,0,1,0,474,3,-41,0.643193486514891,42,"0.05","0"
24,0,0,1,0,739,4,292,2.89603143054897,43,"0.05","0"
25,0,0,1,0,407,5,-590,3.22688206134392,44,"0.05","0"
26,0,0,1,0,120,1,363,5.05483169204452,40,"0.06","0"
27,0,0,1,0,1189,2,90,0.647919150639522,41,"0.06","0"
28,0,0,1,0,844,3,192,0.783897528363212,42,"0.06","0"
29,0,0,1,0,1497,4,821,10.7176487889782,43,"0.06","0"
30,0,0,1,0,657,5,805,3.65785030307804,44,"0.06","0"
31,0,0,1,0,1013,1,-104,0.57942628445019,40,"0.07","0"
32,0,0,1,0,688,2,-440,0.197103777954924,41,"0.07","0"
33,0,0,1,0,177,3,299,2.38026801830727,42,"0.07","0"
34,0,0,1,0,515,4,-783,3.04223418805692,43,"0.07","0"
35,0,0,1,0,52,5,-147,1.19201741738136,44,"0.07","0"
36,0,0,1,0,700,1,98,0.0747814186961917,40,"0.08","0"
37,0,0,1,0,625,2,-16,0.164599298991823,41,"0.08","0"
38,0,0,1,0,116,3,215,0.796086499150259,42,"0.08","0"
39,0,0,1,0,1255,4,-254,1.32536207712492,43,"0.08","0"
40,0,0,1,0,395,5,-667,4.48457789847216,44,"0.08","0"
41,0,0,1,0,597,1,468,1.69140875668398,40,"0.09","0"
42,0,0,1,0,387,2,-835,3.48953922363701,41,"0.09","0"
43,0,0,1,0,161,3,942,19.9925417989992,42,"0.09","0"
44,0,0,1,0,701,4,-299,1.12611691264969,43,"0.09","0"
45,0,0,1,0,33,5,-850,8.70785712904129,44,"0.09","0"
46,0,0,1,0,74,1,-510,0.862845363071849,40,"0.1","0"
47,0,0,1,0,302,2,-373,6.60598559271579,41,"0.1","0"
48,0,0,1,0,1057,3,-758,8.23853284184164,42,"0.1","0"
49,0,0,1,0,371,4,97,1.21619779330366,43,"0.1","0"
50,0,0,1,0,1748,5,369,0.873297911653597,44,"0.1","0"
51,0,0,1,0,152,1,110,0.963237227619593,40,"0.11","0"
52,0,0,1,0,641,2,531,0.471884810024339,41,"0.11","0"
53,0,0,1,0,486,3,-446,8.89738921414643,42,"0.11","0"
54,0,0,1,0,915,4,909,6.44099352995156,43,"0.11","0"
55,0,0,1,0,164,5,-139,1.18012059959024,44,"0.11","0"
56,0,0,1,0,312,1,428,0.446748100301131,40,"0.12","0"
57,0,0,1,0,1092,2,-766,1.0422668831988,41,"0.12","0"
58,0,0,1,0,1124,3,-598,8.87285348388903,42,"0.12","0"
59,0,0,1,0,303,4,532,8.0253138308209,43,"0.12","0"
60,0,0,1,0,1017,5,-245,1.1976034115676,44,"0.12","0"
61,0,0,1,0,26,1,-405,1.72559821014291,40,"0.13","0"
62,0,0,1,0,101,2,570,0.968179983490419,41,"0.13","0"
63,0,0,1,0,32,3,679,7.46865837133447,42,"0.13","0"
64,0,0,1,0,212,4,-331,1.39499693793911,43,"0.13","0"
65,0,0,1,0,902,5,-49,0.00858453835818178,44,"0.13","0"
66,0,0,1,0,147,1,-278,0.40858113831679,40,"0.14","0"
67,0,0,1,0,406,2,-952,6.62860693200605,41,"0.14","0"
68,0,0,1,0,86,3,-735,12.5395071559806,42,"0.14","0"
69,0,0,1,0,410,4,-603,7.80283486687186,43,"0.14","0"
70,0,0,1,0,40,5,604,1.8519491458061,44,"0.14","0"
71,0,0,1,0,1563,1,-7,0.0646521229958962,40,"0.15","0"
72,0,0,1,0,52,2,-804,8.67370534468603,41,"0.15","0"
73,0,0,1,0,48,3,346,2.80946386434856,42,"0.15","0"
74,0,0,1,0,508,4,685,8.48202844670557,43,"0.15","0"
75,0,0,1,0,1287,5,123,1.19399147313502,44,"0.15","0"
76,0,0,1,0,954,1,-39,0.085462701605363,40,"0.16","0"
77,0,0,1,0,244,2,783,1.79709566329941,41,"0.16","0"
78,0,0,1,0,468,3,-439,4.46362808037194,42,"0.16","0"
79,0,0,1,0,62,4,-552,6.80714615543908,43,"0.16","0"
80,0,0,1,0,48,5,-39,0.121264612605024,44,"0.16","0"
81,0,0,1,0,255,1,922,2.24407395532036,40,"0.17","0"
82,0,0,1,0,314,2,-945,3.48539766400715,41,"0.17","0"
83,0,0,1,0,101,3,-275,2.37466320087484,42,"0.17","0"
84,0,0,1,0,1391,4,824,5.32092827869413,43,"0.17","0"
85,0,0,1,0,754,5,-312,0.568046695697326,44,"0.17","0"
86,0,0,1,0,996,1,732,3.00987365080055,40,"0.18","0"
87,0,0,1,0,598,2,-52,0.243549936617132,41,"0.18","0"
88,0,0,1,0,52,3,-618,8.04078567730319,42,"0.18","0"
89,0,0,1,0,1042,4,849,10.9323628350132,43,"0.18","0"
90,0,0,1,0,57,5,-222,1.5067988881209,44,"0.18","0"
91,0,0,1,0,694,1,-641,7.07358972446601,40,"0.19","0"
92,0,0,1,0,1066,2,-914,0.756268726240419,41,"0.19","0"
93,0,0,1,0,1323,3,348,9.36588410754953,42,"0.19","0"
94,0,0,1,0,1013,4,-112,0.916935528706829,43,"0.19","0"
95,0,0,1,0,68,5,65,0.381739232354272,44,"0.19","0"
96,0,0,1,0,490,1,495,2.0937114883919,40,"0.2","0"
97,0,0,1,0,1527,2,-407,9.42564117791792,41,"0.2","0"
98,0,0,1,0,1471,3,12,0.150914341387542,42,"0.2","0"
99,0,0,1,0,82,4,-370,0.077342521124061,43,"0.2","0"
100,0,0,1,0,696,5,-292,0.612001749217049,44,"0.2","0"
101,0,0,1,0,128,1,-83,0.997195902719308,40,"0.21","0"
102,0,0,1,0,33,2,219,1.09596674232849,41,"0.21","0"
103,0,0,1,0,145,3,408,4.24721296469922,42,"0.21","0"
104,0,0,1,0,1301,4,957,11.469605347258,43,"0.21","0"
105,0,0,1,0,550,5,-444,3.09038613271074,44,"0.21","0"
106,0,0,1,0,1127,1,-295,0.643881162184529,40,"0.22","0"
107,0,0,1,0,26,2,516,0.292138355095675,41,"0.22","0"
108,0,0,1,0,45,3,404,5.03357444980766,42,"0.22","0"
109,0,0,1,0,483,4,909,4.06150536738462,43,"0.22","0"
110,0,0,1,0,226,5,682,5.01637420485377,44,"0.22","0"
111,0,0,1,0,102,1,-943,9.68574764488744,40,"0.23","0"
112,0,0,1,0,503,2,269,5.39519965097264,41,"0.23","0"
113,0,0,1,0,131,3,582,8.45150085932395,42,"0.23","0"
114,0,0,1,0,709,4,-822,10.8242817394622,43,"0.23","0"
115,0,0,1,0,352,5,280,6.39789042479039,44,"0.23","0"
116,0,0,1,0,26,1,-902,18.4046463661254,40,"0.24","0"
117,0,0,1,0,260,2,587,2.80420230370444,41,"0.24","0"
118,0,0,1,0,39,3,-356,1.8081799028381,42,"0.24","0"
119,0,0,1,0,37,4,-820,2.36630007579241,43,"0.24","0"
120,0,0,1,0,236,5,-920,17.2436760234189,44,"0.24","0"
121,0,0,1,0,62,1,-397,4.07766131866314,40,"0.25","0"
122,0,0,1,0,432,2,-283,0.0133405267001868,41,"0.25","0"
123,0,0,1,0,1709,3,780,2.74932177264299,42,"0.25","0"
124,0,0,1,0,22,4,-544,4.25499739696388,43,"0.25","0"
125,0,0,1,0,110,5,543,6.64688098265708,44,"0.25","0"
126,0,0,1,0,281,1,751,10.2534283081122,40,"0.26","0"
127,0,0,1,0,222,2,67,0.419460157508848,41,"0.26","0"
128,0,0,1,0,38,3,768,8.4640350459809,42,"0.26","0"
129,0,0,1,0,22,4,-151,0.726299190897513,43,"0.26","0"
130,0,0,1,0,110,5,543,6.64688098265708,44,"0.26","0"
131,0,0,1,0,281,1,751,10.2534283081122,40,"0.27","0"
132,0,0,1,0,222,2,67,0.419460157508848,41,"0.27","0"
133,0,0,1,0,38,3,768,8.4640350459809,42,"0.27","0"
134,0,0,1,0,22,4,-151,0.726299190897513,43,"0.27","0"
135,0,0,1,0,110,5,543,6.64688098265708,44,"0.27","0"
136,0,0,1,0,281,1,751,10.2534283081122,40,"0.28","0"
137,0,0,1,0,222,2,67,0.419460157508848,41,"0.28","0"
138,0,0,1,0,38,3,768,8.4640350459809,42,"0.28","0"
139,0,0,1,0,22,4,-151,0.726299190897513,43,"0.28","0"
140,0,0,1,0,110,5,543,6.64688098265708,44,"0.28","0"
141,0,0,1,0,281,1,751,10.2534283081122,40,"0.29","0"
142,0,0,1,0,222,2,67,0.419460157508848,41,"0.29","0"
143,0,0,1,0,38,3,768,8.4640350459809,42,"0.29","0"
144,0,0,1,0,22,4,-151,0.726299190897513,43,"0.29","0"
145,0,0,1,0,110,5,543,6.64688098265708,44,"0.29","0"
146,0,0,1,0,281,1,751,10.2534283081122,40,"0.3","0"
147,0,0,1,0,222,2,67,0.419460157508848,41,"0.3","0"
148,0,0,1,0,38,3,768,8.4640350459809,42,"0.3","0"
149,0,0,1,0,22,4,-151,0.726299190897513,43,"0.3","0"
150,0,0,1,0,110,5,543,6.64688098265708,44,"0.3","0"
151,0,0,1,0,281,1,751,10.2534283081122,40,"0.31","0"
152,0,0,1,0,1087,2,23,0.341326646310979,41,"0.31","0"
153,0,0,1,0,57,3,-604,1.54481363286198,42,"0.31","0"
154,0,0,1,0,158,4,-845,8.38825171887521,43,"0.31","0"
155,0,0,1,0,777,5,197,3.25251885297746,44,"0.31","0"
156,0,0,1,0,82,1,434,0.578068052510453,40,"0.32","0"
157,0,0,1,0,729,2,853,6.49798245996987,41,"0.32","0"
158,0,0,1,0,492,3,-977,11.7740760081059,42,"0.32","0"
159,0,0,1,0,118,4,761,1.29932944783655,43,"0.32","0"
160,0,0,1,0,240,5,30,0.133083641168899,44,"0.32","0"
161,0,0,1,0,184,1,-445,0.443678793376071,40,"0.33","0"
162,0,0,1,0,167,2,-257,0.943881127472068,41,"0.33","0"
163,0,0,1,0,1877,3,304,1.01436657768628,42,"0.33","0"
164,0,0,1,0,105,4,667,1.31690635397462,43,"0.33","0"
165,0,0,1,0,524,5,-438,7.27470919763708,44,"0.33","0"
166,0,0,1,0,164,1,-683,9.22814402156126,40,"0.34","0"
167,0,0,1,0,808,2,-680,6.93818102443078,41,"0.34","0"
168,0,0,1,0,151,3,-607,3.8436183633059,42,"0.34","0"
169,0,0,1,0,68,4,-541,1.07091605686968,43,"0.34","0"
170,0,0,1,0,213,5,-438,0.593608698589425,44,"0.34","0"
171,0,0,1,0,958,1,-393,6.17706576390777,40,"0.35","0"
172,0,0,1,0,60,2,-615,1.85916961803778,41,"0.35","0"
173,0,0,1,0,630,3,996,4.22952377734339,42,"0.35","0"
174,0,0,1,0,495,4,426,1.87085706175328,43,"0.35","0"
175,0,0,1,0,446,5,-545,0.244379976197447,44,"0.35","0"
176,0,0,1,0,266,1,-940,6.43293962181076,40,"0.36","0"
177,0,0,1,0,989,2,582,3.484216259767,41,"0.36","0"
178,0,0,1,0,840,3,228,2.70857184322363,42,"0.36","0"
179,0,0,1,0,49,4,908,9.06992117026612,43,"0.36","0"
180,0,0,1,0,331,5,-573,2.02224874156245,44,"0.36","0"
181,0,0,1,0,274,1,367,5.25753853395004,40,"0.37","0"
182,0,0,1,0,21,2,-688,10.2957171064352,41,"0.37","0"
183,0,0,1,0,678,3,510,4.45177914547158,42,"0.37","0"
184,0,0,1,0,723,4,-100,0.44967731780321,43,"0.37","0"
185,0,0,1,0,241,5,-440,2.37967706782994,44,"0.37","0"
186,0,0,1,0,108,1,-636,13.2374716112709,40,"0.38","0"
187,0,0,1,0,1205,2,-855,2.90097316894422,41,"0.38","0"
188,0,0,1,0,24,3,924,6.37556200125675,42,"0.38","0"
189,0,0,1,0,50,4,671,5.52715453719188,43,"0.38","0"
190,0,0,1,0,48,5,-707,12.654482744386,44,"0.38","0"
191,0,0,1,0,700,1,98,0.0747814186961917,40,"0.39","0"
192,0,0,1,0,1332,2,-362,6.27447671532724,41,"0.39","0"
193,0,0,1,0,308,3,-963,21.9050190374578,42,"0.39","0"
194,0,0,1,0,176,4,441,1.18352319960158,43,"0.39","0"
195,0,0,1,0,949,5,625,7.35992133434524,44,"0.39","0"
196,0,0,1,0,280,1,-147,1.1409046068965,40,"0.4","0"
197,0,0,1,0,1087,2,23,0.341326646310979,41,"0.4","0"
198,0,0,1,0,416,3,-530,4.99257356462121,42,"0.4","0"
199,0,0,1,0,769,4,-422,3.46757412335428,43,"0.4","0"
200,0,0,1,0,64,5,28,0.0367102789459044,44,"0.4","0"
201,0,0,1,0,1736,1,908,11.0509813628392,40,"0.41","0"
202,0,0,1,0,1084,2,61,0.515719315376115,41,"0.41","0"
203,0,0,1,0,735,3,745,1.2891188204862,42,"0.41","0"
204,0,0,1,0,291,4,300,1.98390326414624,43,"0.41","0"
205,0,0,1,0,383,5,770,1.19090374455743,44,"0.41","0"
206,0,0,1,0,109,1,-448,3.61897006939109,40,"0.42","0"
207,0,0,1,0,165,2,536,10.3982104108447,41,"0.42","0"
208,0,0,1,0,72,3,-519,0.778153812929326,42,"0.42","0"
209,0,0,1,0,166,4,-269,0.992090110775351,43,"0.42","0"
210,0,0,1,0,329,5,30,0.627740628103385,44,"0.42","0"
211,0,0,1,0,51,1,922,13.0765586351139,40,"0.43","0"
212,0,0,1,0,365,2,801,22.2576052817692,41,"0.43","0"
213,0,0,1,0,460,3,-530,11.210299795541,42,"0.43","0"
214,0,0,1,0,84,4,-569,0.895267172340772,43,"0.43","0"
215,0,0,1,0,295,5,229,1.34031867698028,44,"0.43","0"
216,0,0,1,0,194,1,148,0.999620703647367,40,"0.44","0"
217,0,0,1,0,1381,2,956,1.38472317432384,41,"0.44","0"
218,0,0,1,0,833,3,924,15.3874642039322,42,"0.44","0"
219,0,0,1,0,111,4,743,9.19681377392848,43,"0.44","0"
220,0,0,1,0,282,5,847,9.90031948561526,44,"0.44","0"
221,0,0,1,0,1197,1,309,4.42085234596691,40,"0.45","0"
222,0,0,1,0,121,2,-401,6.01364008935356,41,"0.45","0"
223,0,0,1,0,184,3,-682,1.13821739916744,42,"0.45","0"
224,0,0,1,0,81,4,-131,0.743564043448927,43,"0.45","0"
225,0,0,1,0,22,5,-85,0.0915291632200151,44,"0.45","0"
226,0,0,1,0,962,1,301,2.07918372317722,40,"0.46","0"
227,0,0,1,0,588,2,-488,2.06840450523464,41,"0.46","0"
228,0,0,1,0,722,3,-564,1.84051819671272,42,"0.46","0"
229,0,0,1,0,186,4,453,1.41687489305347,43,"0.46","0"
230,0,0,1,0,1645,5,-606,5.67106845934008,44,"0.46","0"
231,0,0,1,0,1727,1,-721,0.612247968604707,40,"0.47","0"
232,0,0,1,0,690,2,272,2.57043312251702,41,"0.47","0"
233,0,0,1,0,158,3,710,0.282739721486006,42,"0.47","0"
234,0,0,1,0,106,4,-773,0.603867009091744,43,"0.47","0"
235,0,0,1,0,117,5,-224,0.762586934433642,44,"0.47","0"
236,0,0,1,0,631,1,-587,3.38006719605151,40,"0.48","0"
237,0,0,1,0,75,2,519,0.92368629645611,41,"0.48","0"
238,0,0,1,0,922,3,-253,2.0266900806372,42,"0.48","0"
239,0,0,1,0,119,4,811,5.58262852226856,43,"0.48","0"
240,0,0,1,0,540,5,291,5.91499376059333,44,"0.48","0"
241,0,0,1,0,1378,1,-643,5.32945398196913,40,"0.49","0"
242,0,0,1,0,671,2,-871,2.99730947265346,41,"0.49","0"
243,0,0,1,0,491,3,-342,2.15313902015598,42,"0.49","0"
244,0,0,1,0,1731,4,693,9.61617801920374,43,"0.49","0"
245,0,0,1,0,99,5,-816,4.56690535840078,44,"0.49","0"
246,0,0,1,0,255,1,691,6.07098413343786,40,"0.5","0"
247,0,0,1,0,862,2,-366,3.05047682521727,41,"0.5","0"
248,0,0,1,0,56,3,825,3.62017298422107,42,"0.5","0"
249,0,0,1,0,74,4,249,0.122557617556256,43,"0.5","0"
250,0,0,1,0,726,5,-175,2.42744929327337,44,"0.5","0"
251,0,0,1,0,79,1,-703,0.727635284502238,40,"0.51","0"
252,0,0,1,0,729,2,853,6.49798245996987,41,"0.51","0"
253,0,0,1,0,799,3,398,5.95301317650234,42,"0.51","0"
254,0,0,1,0,835,4,-219,0.931085050499572,43,"0.51","0"
255,0,0,1,0,239,5,517,0.512378309490723,44,"0.51","0"
256,0,0,1,0,108,1,-636,13.2374716112709,40,"0.52","0"
257,0,0,1,0,280,2,527,7.35426401180349,41,"0.52","0"
258,0,0,1,0,630,3,23,0.0533368691014334,42,"0.52","0"
259,0,0,1,0,1152,4,810,1.2856495122033,43,"0.52","0"
260,0,0,1,0,701,5,-94,0.256219124227652,44,"0.52","0"
261,0,0,1,0,625,1,-837,10.8333742256078,40,"0.53","0"
262,0,0,1,0,153,2,724,13.4844927558095,41,"0.53","0"
263,0,0,1,0,214,3,749,12.9194481775108,42,"0.53","0"
264,0,0,1,0,1160,4,981,5.06960336836744,43,"0.53","0"
265,0,0,1,0,146,5,407,1.85354387307797,44,"0.53","0"
266,0,0,1,0,700,1,-789,9.97077484976419,40,"0.54","0"
267,0,0,1,0,971,2,-397,6.12645374368717,41,"0.54","0"
268,0,0,1,0,94,3,890,12.3434590043877,42,"0.54","0"
269,0,0,1,0,1422,4,-795,8.37974346751367,43,"0.54","0"
270,0,0,1,0,532,5,426,3.04980340639805,44,"0.54","0"
271,0,0,1,0,39,1,834,5.11139802362321,40,"0.55","0"
272,0,0,1,0,758,2,221,0.0682777299699745,41,"0.55","0"
273,0,0,1,0,419,3,555,2.09135327259398,42,"0.55","0"
274,0,0,1,0,63,4,323,1.65197225208655,43,"0.55","0"
275,0,0,1,0,213,5,-438,0.593608698589425,44,"0.55","0"
276,0,0,1,0,372,1,-709,0.806988918633747,40,"0.56","0"
277,0,0,1,0,332,2,-669,4.11820540949367,41,"0.56","0"
278,0,0,1,0,941,3,-30,0.0389723619551006,42,"0.56","0"
279,0,0,1,0,72,4,-692,3.86352160169558,43,"0.56","0"
280,0,0,1,0,726,5,-175,2.42744929327337,44,"0.56","0"
281,0,0,1,0,390,1,-808,4.87049661391129,40,"0.57","0"
282,0,0,1,0,200,2,-871,8.65731486699073,41,"0.57","0"
283,0,0,1,0,101,3,-56,0.316173356041658,42,"0.57","0"
284,0,0,1,0,50,4,-73,0.0273130858661147,43,"0.57","0"
285,0,0,1,0,1425,5,264,0.580388296020801,44,"0.57","0"
286,0,0,1,0,942,1,388,1.43069219135614,40,"0.58","0"
287,0,0,1,0,1167,2,-896,4.33122541124231,41,"0.58","0"
288,0,0,1,0,123,3,578,3.7344078700006,42,"0.58","0"
289,0,0,1,0,952,4,452,0.412396066146862,43,"0.58","0"
290,0,0,1,0,149,5,-119,0.415908456246063,44,"0.58","0"
291,0,0,1,0,405,1,-518,7.03047818869948,40,"0.59","0"
292,0,0,1,0,1647,2,-875,0.496477716645837,41,"0.59","0"
293,0,0,1,0,162,3,-239,2.05033236768116,42,"0.59","0"
294,0,0,1,0,786,4,619,6.75663012249327,43,"0.59","0"
295,0,0,1,0,157,5,-691,2.84894673677139,44,"0.59","0"
296,0,0,1,0,218,1,292,0.830711107926171,40,"0.6","0"
297,0,0,1,0,612,2,879,0.837610402911391,41,"0.6","0"
298,0,0,1,0,753,3,-579,2.66511164211662,42,"0.6","0"
299,0,0,1,0,386,4,647,3.94597646897033,43,"0.6","0"
300,0,0,1,0,396,5,366,0.163076661198472,44,"0.6","0"
301,0,0,1,0,406,1,-625,13.0716685530923,40,"0.61","0"
302,0,0,1,0,145,2,482,2.20999388576495,41,"0.61","0"
303,0,0,1,0,897,3,-825,0.762999744590276,42,"0.61","0"
304,0,0,1,0,796,4,-103,0.647667332438931,43,"0.61","0"
305,0,0,1,0,1635,5,-509,1.01659185744619,44,"0.61","0"
306,0,0,1,0,440,1,233,0.854913924083905,40,"0.62","0"
307,0,0,1,0,187,2,51,0.38329187586023,41,"0.62","0"
308,0,0,1,0,33,3,-73,0.0042340415610572,42,"0.62","0"
309,0,0,1,0,482,4,-396,4.1832189161568,43,"0.62","0"
310,0,0,1,0,340,5,891,10.893196348975,44,"0.62","0"
311,0,0,1,0,437,1,-901,2.95780779170431,40,"0.63","0"
312,0,0,1,0,799,2,926,13.7890151827373,41,"0.63","0"
313,0,0,1,0,188,3,-158,0.878655246782572,42,"0.63","0"
314,0,0,1,0,1255,4,-497,0.727968956184383,43,"0.63","0"
315,0,0,1,0,804,5,580,4.68364397342914,44,"0.63","0"
316,0,0,1,0,1401,1,470,0.293554790575562,40,"0.64","0"
317,0,0,1,0,54,2,-440,10.5827840815648,41,"0.64","0"
318,0,0,1,0,557,3,111,1.4803717547008,42,"0.64","0"
319,0,0,1,0,1144,4,174,0.831818061201464,43,"0.64","0"
320,0,0,1,0,628,5,262,6.73301625244243,44,"0.64","0"
321,0,0,1,0,105,1,-962,5.91020257506038,40,"0.65","0"
322,0,0,1,0,108,2,-785,3.41494916223575,41,"0.65","0"
323,0,0,1,0,392,3,340,3.60649221032861,42,"0.65","0"
324,0,0,1,0,477,4,135,0.835191309141361,43,"0.65","0"
325,0,0,1,0,823,5,-275,3.00476850627133,44,"0.65","0"
326,0,0,1,0,110,1,3,0.0208518720933511,40,"0.66","0"
327,0,0,1,0,253,2,-419,1.45965797547006,41,"0.66","0"
328,0,0,1,0,368,3,-115,0.589574237237984,42,"0.66","0"
329,0,0,1,0,37,4,851,7.70372239915098,43,"0.66","0"
330,0,0,1,0,210,5,491,0.673341629378514,44,"0.66","0"
331,0,0,1,0,122,1,834,0.317963508549561,40,"0.67","0"
332,0,0,1,0,167,2,-213,1.13808632887059,41,"0.67","0"
333,0,0,1,0,95,3,-433,2.21284470135069,42,"0.67","0"
334,0,0,1,0,784,4,-354,0.297742675789755,43,"0.67","0"
335,0,0,1,0,157,5,-691,2.84894673677139,44,"0.67","0"
336,0,0,1,0,603,1,962,1.94904369340231,40,"0.68","0"
337,0,0,1,0,59,2,292,4.39179851082107,41,"0.68","0"
338,0,0,1,0,237,3,-189,1.06873895851261,42,"0.68","0"
339,0,0,1,0,634,4,-510,5.91920237542952,43,"0.68","0"
340,0,0,1,0,683,5,189,2.27801487482647,44,"0.68","0"
341,0,0,1,0,68,1,20,0.0248295697171942,40,"0.69","0"
342,0,0,1,0,687,2,-733,1.82202006344133,41,"0.69","0"
343,0,0,1,0,1211,3,-87,0.707914725555485,42,"0.69","0"
344,0,0,1,0,70,4,250,2.40891646820124,43,"0.69","0"
345,0,0,1,0,728,5,343,7.96300641211402,44,"0.69","0"
346,0,0,1,0,445,1,15,0.142039911347255,40,"0.7","0"
347,0,0,1,0,585,2,-3,0.0319960938557427,41,"0.7","0"
348,0,0,1,0,52,3,-618,8.04078567730319,42,"0.7","0"
349,0,0,1,0,1156,4,50,0.872527930668347,43,"0.7","0"
350,0,0,1,0,1259,5,-260,3.92605603685306,44,"0.7","0"
351,0,0,1,0,751,1,-384,2.87823981319658,40,"0.71","0"
352,0,0,1,0,494,2,-659,10.8248095034107,41,"0.71","0"
353,0,0,1,0,199,3,389,2.78458588569949,42,"0.71","0"
354,0,0,1,0,246,4,-447,2.53434565985207,43,"0.71","0"
355,0,0,1,0,616,5,254,0.550760522831908,44,"0.71","0"
356,0,0,1,0,125,1,215,0.408015685810525,40,"0.72","0"
357,0,0,1,0,419,2,285,1.03379081622567,41,"0.72","0"
358,0,0,1,0,735,3,-657,4.75905945541209,42,"0.72","0"
359,0,0,1,0,151,4,924,10.1759846432149,43,"0.72","0"
360,0,0,1,0,463,5,437,1.42325599404111,44,"0.72","0"
361,0,0,1,0,635,1,350,3.73522446414651,40,"0.73","0"
362,0,0,1,0,532,2,919,14.4330859132176,41,"0.73","0"
363,0,0,1,0,254,3,560,8.31870765225357,42,"0.73","0"
364,0,0,1,0,585,4,-511,0.684072206954499,43,"0.73","0"
365,0,0,1,0,614,5,204,2.01794582212009,44,"0.73","0"
366,0,0,1,0,125,1,215,0.408015685810525,40,"0.74","0"
367,0,0,1,0,83,2,575,12.274063796209,41,"0.74","0"
368,0,0,1,0,143,3,967,7.01224762265534,42,"0.74","0"
369,0,0,1,0,856,4,-319,2.59409216934302,43,"0.74","0"
370,0,0,1,0,339,5,-958,2.02056856800862,44,"0.74","0"
371,0,0,1,0,925,1,898,11.2626799884988,40,"0.75","0"
372,0,0,1,0,541,2,371,3.47587867277395,41,"0.75","0"
373,0,0,1,0,48,3,951,10.8267444208063,42,"0.75","0"
374,0,0,1,0,1156,4,50,0.872527930668347,43,"0.75","0"
375,0,0,1,0,625,5,236,5.51179895364785,44,"0.75","0"
376,0,0,1,0,488,1,551,2.87531164229479,40,"0.76","0"
377,0,0,1,0,1303,2,328,1.07026033361187,41,"0.76","0"
378,0,0,1,0,33,3,-59,0.26465921065565,42,"0.76","0"
379,0,0,1,0,1042,4,849,10.9323628350132,43,"0.76","0"
380,0,0,1,0,385,5,-916,19.8329793557183,44,"0.76","0"
381,0,0,1,0,1076,1,410,0.0588215823847695,40,"0.77","0"
382,0,0,1,0,1207,2,402,1.7048102715428,41,"0.77","0"
383,0,0,1,0,140,3,771,7.91796896605689,42,"0.77","0"
384,0,0,1,0,856,4,-319,2.59409216934302,43,"0.77","0"
385,0,0,1,0,111,5,-227,2.07830519077955,44,"0.77","0"
386,0,0,1,0,472,1,835,5.25619209932189,40,"0.78","0"
387,0,0,1,0,350,2,-862,7.60579563686915,41,"0.78","0"
388,0,0,1,0,45,3,-498,1.38188947781299,42,"0.78","0"
389,0,0,1,0,105,4,939,8.12026521828945,43,"0.78","0"
390,0,0,1,0,34,5,-890,8.82636003921075,44,"0.78","0"
391,0,0,1,0,616,1,268,0.0295605539344555,40,"0.79","0"
392,0,0,1,0,741,2,-72,0.24551693866,41,"0.79","0"
393,0,0,1,0,1075,3,-880,1.8215155633999,42,"0.79","0"
394,0,0,1,0,1521,4,-253,2.21768793436227,43,"0.79","0"
395,0,0,1,0,36,5,208,1.30540597401596,44,"0.79","0"
396,0,0,1,0,41,1,686,3.40446551936723,40,"0.8","0"
397,0,0,1,0,356,2,-638,3.38168247921786,41,"0.8","0"
398,0,0,1,0,95,3,841,7.50273383739701,42,"0.8","0"
399,0,0,1,0,218,4,-374,5.75467054810526,43,"0.8","0"
400,0,0,1,0,864,5,470,5.73663848602248,44,"0.8","0"
401,0,0,1,0,806,1,688,1.00680158101305,40,"0.81","0"
402,0,0,1,0,287,2,747,13.9935974054784,41,"0.81","0"
403,0,0,1,0,208,3,315,4.84620297694909,42,"0.81","0"
404,0,0,1,0,576,4,167,0.53306687630602,43,"0.81","0"
405,0,0,1,0,614,5,204,2.01794582212009,44,"0.81","0"
406,0,0,1,0,790,1,-245,0.073576706259394,40,"0.82","0"
407,0,0,1,0,238,2,-137,1.38252553778233,41,"0.82","0"
408,0,0,1,0,51,3,58,0.0946226646531014,42,"0.82","0"
409,0,0,1,0,233,4,-16,0.0895155852723735,43,"0.82","0"
410,0,0,1,0,616,5,254,0.550760522831908,44,"0.82","0"
411,0,0,1,0,1571,1,287,1.12287697529242,40,"0.83","0"
412,0,0,1,0,1125,2,-210,0.426172156210701,41,"0.83","0"
413,0,0,1,0,215,3,787,10.1566886211135,42,"0.83","0"
414,0,0,1,0,1037,4,-670,5.57810393262022,43,"0.83","0"
415,0,0,1,0,503,5,-983,1.46653044510794,44,"0.83","0"
416,0,0,1,0,89,1,-634,1.12768931884762,40,"0.84","0"
417,0,0,1,0,1136,2,-761,15.3149169636308,41,"0.84","0"
418,0,0,1,0,152,3,219,1.11791326225955,42,"0.84","0"
419,0,0,1,0,943,4,-474,3.25920902749377,43,"0.84","0"
420,0,0,1,0,320,5,127,2.20070431582677,44,"0.84","0"
421,0,0,1,0,566,1,-187,1.40378765058079,40,"0.85","0"
422,0,0,1,0,1005,2,281,5.01944604722505,41,"0.85","0"
423,0,0,1,0,215,3,565,6.10862041133789,42,"0.85","0"
424,0,0,1,0,87,4,-173,0.3133945876942,43,"0.85","0"
425,0,0,1,0,240,5,30,0.133083641168899,44,"0.85","0"
426,0,0,1,0,163,1,930,6.99185753774169,40,"0.86","0"
427,0,0,1,0,721,2,-147,0.506219298466831,41,"0.86","0"
428,0,0,1,0,757,3,-679,4.13271839631564,42,"0.86","0"
429,0,0,1,0,66,4,-861,8.10996751121926,43,"0.86","0"
430,0,0,1,0,47,5,-146,0.827465112772639,44,"0.86","0"
431,0,0,1,0,53,1,-611,1.50398573264003,40,"0.87","0"
432,0,0,1,0,107,2,-550,1.83657389926905,41,"0.87","0"
433,0,0,1,0,617,3,589,5.96561236379912,42,"0.87","0"
434,0,0,1,0,969,4,-23,0.144459374217844,43,"0.87","0"
435,0,0,1,0,94,5,-906,0.733027750649977,44,"0.87","0"
436,0,0,1,0,179,1,-745,2.10774025415062,40,"0.88","0"
437,0,0,1,0,576,2,757,7.4626314138691,41,"0.88","0"
438,0,0,1,0,753,3,-579,2.66511164211662,42,"0.88","0"
439,0,0,1,0,490,4,-643,2.79017595257018,43,"0.88","0"
440,0,0,1,0,418,5,406,4.99946263301667,44,"0.88","0"
441,0,0,1,0,537,1,-440,1.54031219466237,40,"0.89","0"
442,0,0,1,0,408,2,-994,9.57087518171652,41,"0.89","0"
443,0,0,1,0,1288,3,849,11.8402490428197,42,"0.89","0"
444,0,0,1,0,414,4,669,0.225921764304781,43,"0.89","0"
445,0,0,1,0,603,5,-466,1.72222766834764,44,"0.89","0"
446,0,0,1,0,273,1,-263,1.03173094357845,40,"0.9","0"
447,0,0,1,0,322,2,-225,2.28870892183069,41,"0.9","0"
448,0,0,1,0,864,3,-389,2.03853057949113,42,"0.9","0"
449,0,0,1,0,116,4,-618,3.03399828431631,43,"0.9","0"
450,0,0,1,0,329,5,30,0.627740628103385,44,"0.9","0"
451,0,0,1,0,181,1,733,3.75114058286084,40,"0.91","0"
452,0,0,1,0,606,2,-152,0.0150990718459598,41,"0.91","0"
453,0,0,1,0,135,3,-565,4.07762473285225,42,"0.91","0"
454,0,0,1,0,119,4,733,3.76286585543932,43,"0.91","0"
455,0,0,1,0,949,5,625,7.35992133434524,44,"0.91","0"
456,0,0,1,0,210,1,778,1.19363145785374,40,"0.92","0"
457,0,0,1,0,35,2,238,4.28749975649883,41,"0.92","0"
458,0,0,1,0,901,3,299,4.76101632527555,42,"0.92","0"
459,0,0,1,0,120,4,-566,2.27853174180527,43,"0.92","0"
460,0,0,1,0,964,5,-487,2.49199850193982,44,"0.92","0"
461,0,0,1,0,1157,1,-381,0.496792275939682,40,"0.93","0"
462,0,0,1,0,768,2,-963,0.685394316660038,41,"0.93","0"
463,0,0,1,0,333,3,-43,0.127180920488846,42,"0.93","0"
464,0,0,1,0,883,4,-309,0.118174258525632,43,"0.93","0"
465,0,0,1,0,843,5,-615,1.87233480612171,44,"0.93","0"
466,0,0,1,0,701,1,703,7.81924189450463,40,"0.94","0"
467,0,0,1,0,158,2,-501,0.229103688178988,41,"0.94","0"
468,0,0,1,0,113,3,174,1.60016817825121,42,"0.94","0"
469,0,0,1,0,1021,4,670,3.46642348907189,43,"0.94","0"
470,0,0,1,0,1098,5,-79,0.594165118380884,44,"0.94","0"
471,0,0,1,0,791,1,249,4.38356805884102,40,"0.95","0"
472,0,0,1,0,268,2,-129,0.448896031978618,41,"0.95","0"
473,0,0,1,0,1112,3,928,3.6800567449565,42,"0.95","0"
474,0,0,1,0,70,4,250,2.40891646820124,43,"0.95","0"
475,0,0,1,0,314,5,-387,1.64084293974067,44,"0.95","0"
476,0,0,1,0,137,1,-240,0.0516326222043824,40,"0.96","0"
477,0,0,1,0,1293,2,484,2.41762569919755,41,"0.96","0"
478,0,0,1,0,978,3,-997,8.05474377807829,42,"0.96","0"
479,0,0,1,0,1444,4,-848,14.2467969661896,43,"0.96","0"
480,0,0,1,0,1773,5,-5,0.156418296448494,44,"0.96","0"
481,0,0,1,0,492,1,905,7.52738517934507,40,"0.97","0"
482,0,0,1,0,994,2,124,1.23127357575891,41,"0.97","0"
483,0,0,1,0,182,3,-105,0.685478092311576,42,"0.97","0"
484,0,0,1,0,478,4,777,6.99268125359577,43,"0.97","0"
485,0,0,1,0,60,5,32,0.10251822040595,44,"0.97","0"
486,0,0,1,0,549,1,-421,0.0916659734387554,40,"0.98","0"
487,0,0,1,0,38,2,635,6.20125824754087,41,"0.98","0"
488,0,0,1,0,61,3,-319,0.480509708640805,42,"0.98","0"
489,0,0,1,0,49,4,607,6.50830563578567,43,"0.98","0"
490,0,0,1,0,135,5,631,12.8119087272814,44,"0.98","0"
491,0,0,1,0,386,1,110,0.727517227750205,40,"0.99","0"
492,0,0,1,0,651,2,-516,1.55332703591612,41,"0.99","0"
493,0,0,1,0,204,3,-129,2.20560325463254,42,"0.99","0"
494,0,0,1,0,377,4,289,3.65607645690905,43,"0.99","0"
495,0,0,1,0,211,5,-974,3.30435916538979,44,"0.99","0"
